"datekey","Date","Year","Day","Month Name","Month","MonthNr","Quarter"
20190101,2019-01-01,"2019",Tuesday,January,Jan,1,1
20190102,2019-01-02,"2019",Wednesday,January,Jan,1,1
20190103,2019-01-03,"2019",Thursday,January,Jan,1,1
20190104,2019-01-04,"2019",Friday,January,Jan,1,1
20190105,2019-01-05,"2019",Saturday,January,Jan,1,1
20190106,2019-01-06,"2019",Sunday,January,Jan,1,1
20190107,2019-01-07,"2019",Monday,January,Jan,1,1
20190108,2019-01-08,"2019",Tuesday,January,Jan,1,1
20190109,2019-01-09,"2019",Wednesday,January,Jan,1,1
20190110,2019-01-10,"2019",Thursday,January,Jan,1,1
20190111,2019-01-11,"2019",Friday,January,Jan,1,1
20190112,2019-01-12,"2019",Saturday,January,Jan,1,1
20190113,2019-01-13,"2019",Sunday,January,Jan,1,1
20190114,2019-01-14,"2019",Monday,January,Jan,1,1
20190115,2019-01-15,"2019",Tuesday,January,Jan,1,1
20190116,2019-01-16,"2019",Wednesday,January,Jan,1,1
20190117,2019-01-17,"2019",Thursday,January,Jan,1,1
20190118,2019-01-18,"2019",Friday,January,Jan,1,1
20190119,2019-01-19,"2019",Saturday,January,Jan,1,1
20190120,2019-01-20,"2019",Sunday,January,Jan,1,1
20190121,2019-01-21,"2019",Monday,January,Jan,1,1
20190122,2019-01-22,"2019",Tuesday,January,Jan,1,1
20190123,2019-01-23,"2019",Wednesday,January,Jan,1,1
20190124,2019-01-24,"2019",Thursday,January,Jan,1,1
20190125,2019-01-25,"2019",Friday,January,Jan,1,1
20190126,2019-01-26,"2019",Saturday,January,Jan,1,1
20190127,2019-01-27,"2019",Sunday,January,Jan,1,1
20190128,2019-01-28,"2019",Monday,January,Jan,1,1
20190129,2019-01-29,"2019",Tuesday,January,Jan,1,1
20190130,2019-01-30,"2019",Wednesday,January,Jan,1,1
20190131,2019-01-31,"2019",Thursday,January,Jan,1,1
20190201,2019-02-01,"2019",Friday,February,Feb,2,1
20190202,2019-02-02,"2019",Saturday,February,Feb,2,1
20190203,2019-02-03,"2019",Sunday,February,Feb,2,1
20190204,2019-02-04,"2019",Monday,February,Feb,2,1
20190205,2019-02-05,"2019",Tuesday,February,Feb,2,1
20190206,2019-02-06,"2019",Wednesday,February,Feb,2,1
20190207,2019-02-07,"2019",Thursday,February,Feb,2,1
20190208,2019-02-08,"2019",Friday,February,Feb,2,1
20190209,2019-02-09,"2019",Saturday,February,Feb,2,1
20190210,2019-02-10,"2019",Sunday,February,Feb,2,1
20190211,2019-02-11,"2019",Monday,February,Feb,2,1
20190212,2019-02-12,"2019",Tuesday,February,Feb,2,1
20190213,2019-02-13,"2019",Wednesday,February,Feb,2,1
20190214,2019-02-14,"2019",Thursday,February,Feb,2,1
20190215,2019-02-15,"2019",Friday,February,Feb,2,1
20190216,2019-02-16,"2019",Saturday,February,Feb,2,1
20190217,2019-02-17,"2019",Sunday,February,Feb,2,1
20190218,2019-02-18,"2019",Monday,February,Feb,2,1
20190219,2019-02-19,"2019",Tuesday,February,Feb,2,1
20190220,2019-02-20,"2019",Wednesday,February,Feb,2,1
20190221,2019-02-21,"2019",Thursday,February,Feb,2,1
20190222,2019-02-22,"2019",Friday,February,Feb,2,1
20190223,2019-02-23,"2019",Saturday,February,Feb,2,1
20190224,2019-02-24,"2019",Sunday,February,Feb,2,1
20190225,2019-02-25,"2019",Monday,February,Feb,2,1
20190226,2019-02-26,"2019",Tuesday,February,Feb,2,1
20190227,2019-02-27,"2019",Wednesday,February,Feb,2,1
20190228,2019-02-28,"2019",Thursday,February,Feb,2,1
20190301,2019-03-01,"2019",Friday,March,Mar,3,1
20190302,2019-03-02,"2019",Saturday,March,Mar,3,1
20190303,2019-03-03,"2019",Sunday,March,Mar,3,1
20190304,2019-03-04,"2019",Monday,March,Mar,3,1
20190305,2019-03-05,"2019",Tuesday,March,Mar,3,1
20190306,2019-03-06,"2019",Wednesday,March,Mar,3,1
20190307,2019-03-07,"2019",Thursday,March,Mar,3,1
20190308,2019-03-08,"2019",Friday,March,Mar,3,1
20190309,2019-03-09,"2019",Saturday,March,Mar,3,1
20190310,2019-03-10,"2019",Sunday,March,Mar,3,1
20190311,2019-03-11,"2019",Monday,March,Mar,3,1
20190312,2019-03-12,"2019",Tuesday,March,Mar,3,1
20190313,2019-03-13,"2019",Wednesday,March,Mar,3,1
20190314,2019-03-14,"2019",Thursday,March,Mar,3,1
20190315,2019-03-15,"2019",Friday,March,Mar,3,1
20190316,2019-03-16,"2019",Saturday,March,Mar,3,1
20190317,2019-03-17,"2019",Sunday,March,Mar,3,1
20190318,2019-03-18,"2019",Monday,March,Mar,3,1
20190319,2019-03-19,"2019",Tuesday,March,Mar,3,1
20190320,2019-03-20,"2019",Wednesday,March,Mar,3,1
20190321,2019-03-21,"2019",Thursday,March,Mar,3,1
20190322,2019-03-22,"2019",Friday,March,Mar,3,1
20190323,2019-03-23,"2019",Saturday,March,Mar,3,1
20190324,2019-03-24,"2019",Sunday,March,Mar,3,1
20190325,2019-03-25,"2019",Monday,March,Mar,3,1
20190326,2019-03-26,"2019",Tuesday,March,Mar,3,1
20190327,2019-03-27,"2019",Wednesday,March,Mar,3,1
20190328,2019-03-28,"2019",Thursday,March,Mar,3,1
20190329,2019-03-29,"2019",Friday,March,Mar,3,1
20190330,2019-03-30,"2019",Saturday,March,Mar,3,1
20190331,2019-03-31,"2019",Sunday,March,Mar,3,1
20190401,2019-04-01,"2019",Monday,April,Apr,4,2
20190402,2019-04-02,"2019",Tuesday,April,Apr,4,2
20190403,2019-04-03,"2019",Wednesday,April,Apr,4,2
20190404,2019-04-04,"2019",Thursday,April,Apr,4,2
20190405,2019-04-05,"2019",Friday,April,Apr,4,2
20190406,2019-04-06,"2019",Saturday,April,Apr,4,2
20190407,2019-04-07,"2019",Sunday,April,Apr,4,2
20190408,2019-04-08,"2019",Monday,April,Apr,4,2
20190409,2019-04-09,"2019",Tuesday,April,Apr,4,2
20190410,2019-04-10,"2019",Wednesday,April,Apr,4,2
20190411,2019-04-11,"2019",Thursday,April,Apr,4,2
20190412,2019-04-12,"2019",Friday,April,Apr,4,2
20190413,2019-04-13,"2019",Saturday,April,Apr,4,2
20190414,2019-04-14,"2019",Sunday,April,Apr,4,2
20190415,2019-04-15,"2019",Monday,April,Apr,4,2
20190416,2019-04-16,"2019",Tuesday,April,Apr,4,2
20190417,2019-04-17,"2019",Wednesday,April,Apr,4,2
20190418,2019-04-18,"2019",Thursday,April,Apr,4,2
20190419,2019-04-19,"2019",Friday,April,Apr,4,2
20190420,2019-04-20,"2019",Saturday,April,Apr,4,2
20190421,2019-04-21,"2019",Sunday,April,Apr,4,2
20190422,2019-04-22,"2019",Monday,April,Apr,4,2
20190423,2019-04-23,"2019",Tuesday,April,Apr,4,2
20190424,2019-04-24,"2019",Wednesday,April,Apr,4,2
20190425,2019-04-25,"2019",Thursday,April,Apr,4,2
20190426,2019-04-26,"2019",Friday,April,Apr,4,2
20190427,2019-04-27,"2019",Saturday,April,Apr,4,2
20190428,2019-04-28,"2019",Sunday,April,Apr,4,2
20190429,2019-04-29,"2019",Monday,April,Apr,4,2
20190430,2019-04-30,"2019",Tuesday,April,Apr,4,2
20190501,2019-05-01,"2019",Wednesday,May,May,5,2
20190502,2019-05-02,"2019",Thursday,May,May,5,2
20190503,2019-05-03,"2019",Friday,May,May,5,2
20190504,2019-05-04,"2019",Saturday,May,May,5,2
20190505,2019-05-05,"2019",Sunday,May,May,5,2
20190506,2019-05-06,"2019",Monday,May,May,5,2
20190507,2019-05-07,"2019",Tuesday,May,May,5,2
20190508,2019-05-08,"2019",Wednesday,May,May,5,2
20190509,2019-05-09,"2019",Thursday,May,May,5,2
20190510,2019-05-10,"2019",Friday,May,May,5,2
20190511,2019-05-11,"2019",Saturday,May,May,5,2
20190512,2019-05-12,"2019",Sunday,May,May,5,2
20190513,2019-05-13,"2019",Monday,May,May,5,2
20190514,2019-05-14,"2019",Tuesday,May,May,5,2
20190515,2019-05-15,"2019",Wednesday,May,May,5,2
20190516,2019-05-16,"2019",Thursday,May,May,5,2
20190517,2019-05-17,"2019",Friday,May,May,5,2
20190518,2019-05-18,"2019",Saturday,May,May,5,2
20190519,2019-05-19,"2019",Sunday,May,May,5,2
20190520,2019-05-20,"2019",Monday,May,May,5,2
20190521,2019-05-21,"2019",Tuesday,May,May,5,2
20190522,2019-05-22,"2019",Wednesday,May,May,5,2
20190523,2019-05-23,"2019",Thursday,May,May,5,2
20190524,2019-05-24,"2019",Friday,May,May,5,2
20190525,2019-05-25,"2019",Saturday,May,May,5,2
20190526,2019-05-26,"2019",Sunday,May,May,5,2
20190527,2019-05-27,"2019",Monday,May,May,5,2
20190528,2019-05-28,"2019",Tuesday,May,May,5,2
20190529,2019-05-29,"2019",Wednesday,May,May,5,2
20190530,2019-05-30,"2019",Thursday,May,May,5,2
20190531,2019-05-31,"2019",Friday,May,May,5,2
20190601,2019-06-01,"2019",Saturday,June,Jun,6,2
20190602,2019-06-02,"2019",Sunday,June,Jun,6,2
20190603,2019-06-03,"2019",Monday,June,Jun,6,2
20190604,2019-06-04,"2019",Tuesday,June,Jun,6,2
20190605,2019-06-05,"2019",Wednesday,June,Jun,6,2
20190606,2019-06-06,"2019",Thursday,June,Jun,6,2
20190607,2019-06-07,"2019",Friday,June,Jun,6,2
20190608,2019-06-08,"2019",Saturday,June,Jun,6,2
20190609,2019-06-09,"2019",Sunday,June,Jun,6,2
20190610,2019-06-10,"2019",Monday,June,Jun,6,2
20190611,2019-06-11,"2019",Tuesday,June,Jun,6,2
20190612,2019-06-12,"2019",Wednesday,June,Jun,6,2
20190613,2019-06-13,"2019",Thursday,June,Jun,6,2
20190614,2019-06-14,"2019",Friday,June,Jun,6,2
20190615,2019-06-15,"2019",Saturday,June,Jun,6,2
20190616,2019-06-16,"2019",Sunday,June,Jun,6,2
20190617,2019-06-17,"2019",Monday,June,Jun,6,2
20190618,2019-06-18,"2019",Tuesday,June,Jun,6,2
20190619,2019-06-19,"2019",Wednesday,June,Jun,6,2
20190620,2019-06-20,"2019",Thursday,June,Jun,6,2
20190621,2019-06-21,"2019",Friday,June,Jun,6,2
20190622,2019-06-22,"2019",Saturday,June,Jun,6,2
20190623,2019-06-23,"2019",Sunday,June,Jun,6,2
20190624,2019-06-24,"2019",Monday,June,Jun,6,2
20190625,2019-06-25,"2019",Tuesday,June,Jun,6,2
20190626,2019-06-26,"2019",Wednesday,June,Jun,6,2
20190627,2019-06-27,"2019",Thursday,June,Jun,6,2
20190628,2019-06-28,"2019",Friday,June,Jun,6,2
20190629,2019-06-29,"2019",Saturday,June,Jun,6,2
20190630,2019-06-30,"2019",Sunday,June,Jun,6,2
20190701,2019-07-01,"2019",Monday,July,Jul,7,3
20190702,2019-07-02,"2019",Tuesday,July,Jul,7,3
20190703,2019-07-03,"2019",Wednesday,July,Jul,7,3
20190704,2019-07-04,"2019",Thursday,July,Jul,7,3
20190705,2019-07-05,"2019",Friday,July,Jul,7,3
20190706,2019-07-06,"2019",Saturday,July,Jul,7,3
20190707,2019-07-07,"2019",Sunday,July,Jul,7,3
20190708,2019-07-08,"2019",Monday,July,Jul,7,3
20190709,2019-07-09,"2019",Tuesday,July,Jul,7,3
20190710,2019-07-10,"2019",Wednesday,July,Jul,7,3
20190711,2019-07-11,"2019",Thursday,July,Jul,7,3
20190712,2019-07-12,"2019",Friday,July,Jul,7,3
20190713,2019-07-13,"2019",Saturday,July,Jul,7,3
20190714,2019-07-14,"2019",Sunday,July,Jul,7,3
20190715,2019-07-15,"2019",Monday,July,Jul,7,3
20190716,2019-07-16,"2019",Tuesday,July,Jul,7,3
20190717,2019-07-17,"2019",Wednesday,July,Jul,7,3
20190718,2019-07-18,"2019",Thursday,July,Jul,7,3
20190719,2019-07-19,"2019",Friday,July,Jul,7,3
20190720,2019-07-20,"2019",Saturday,July,Jul,7,3
20190721,2019-07-21,"2019",Sunday,July,Jul,7,3
20190722,2019-07-22,"2019",Monday,July,Jul,7,3
20190723,2019-07-23,"2019",Tuesday,July,Jul,7,3
20190724,2019-07-24,"2019",Wednesday,July,Jul,7,3
20190725,2019-07-25,"2019",Thursday,July,Jul,7,3
20190726,2019-07-26,"2019",Friday,July,Jul,7,3
20190727,2019-07-27,"2019",Saturday,July,Jul,7,3
20190728,2019-07-28,"2019",Sunday,July,Jul,7,3
20190729,2019-07-29,"2019",Monday,July,Jul,7,3
20190730,2019-07-30,"2019",Tuesday,July,Jul,7,3
20190731,2019-07-31,"2019",Wednesday,July,Jul,7,3
20190801,2019-08-01,"2019",Thursday,August,Aug,8,3
20190802,2019-08-02,"2019",Friday,August,Aug,8,3
20190803,2019-08-03,"2019",Saturday,August,Aug,8,3
20190804,2019-08-04,"2019",Sunday,August,Aug,8,3
20190805,2019-08-05,"2019",Monday,August,Aug,8,3
20190806,2019-08-06,"2019",Tuesday,August,Aug,8,3
20190807,2019-08-07,"2019",Wednesday,August,Aug,8,3
20190808,2019-08-08,"2019",Thursday,August,Aug,8,3
20190809,2019-08-09,"2019",Friday,August,Aug,8,3
20190810,2019-08-10,"2019",Saturday,August,Aug,8,3
20190811,2019-08-11,"2019",Sunday,August,Aug,8,3
20190812,2019-08-12,"2019",Monday,August,Aug,8,3
20190813,2019-08-13,"2019",Tuesday,August,Aug,8,3
20190814,2019-08-14,"2019",Wednesday,August,Aug,8,3
20190815,2019-08-15,"2019",Thursday,August,Aug,8,3
20190816,2019-08-16,"2019",Friday,August,Aug,8,3
20190817,2019-08-17,"2019",Saturday,August,Aug,8,3
20190818,2019-08-18,"2019",Sunday,August,Aug,8,3
20190819,2019-08-19,"2019",Monday,August,Aug,8,3
20190820,2019-08-20,"2019",Tuesday,August,Aug,8,3
20190821,2019-08-21,"2019",Wednesday,August,Aug,8,3
20190822,2019-08-22,"2019",Thursday,August,Aug,8,3
20190823,2019-08-23,"2019",Friday,August,Aug,8,3
20190824,2019-08-24,"2019",Saturday,August,Aug,8,3
20190825,2019-08-25,"2019",Sunday,August,Aug,8,3
20190826,2019-08-26,"2019",Monday,August,Aug,8,3
20190827,2019-08-27,"2019",Tuesday,August,Aug,8,3
20190828,2019-08-28,"2019",Wednesday,August,Aug,8,3
20190829,2019-08-29,"2019",Thursday,August,Aug,8,3
20190830,2019-08-30,"2019",Friday,August,Aug,8,3
20190831,2019-08-31,"2019",Saturday,August,Aug,8,3
20190901,2019-09-01,"2019",Sunday,September,Sep,9,3
20190902,2019-09-02,"2019",Monday,September,Sep,9,3
20190903,2019-09-03,"2019",Tuesday,September,Sep,9,3
20190904,2019-09-04,"2019",Wednesday,September,Sep,9,3
20190905,2019-09-05,"2019",Thursday,September,Sep,9,3
20190906,2019-09-06,"2019",Friday,September,Sep,9,3
20190907,2019-09-07,"2019",Saturday,September,Sep,9,3
20190908,2019-09-08,"2019",Sunday,September,Sep,9,3
20190909,2019-09-09,"2019",Monday,September,Sep,9,3
20190910,2019-09-10,"2019",Tuesday,September,Sep,9,3
20190911,2019-09-11,"2019",Wednesday,September,Sep,9,3
20190912,2019-09-12,"2019",Thursday,September,Sep,9,3
20190913,2019-09-13,"2019",Friday,September,Sep,9,3
20190914,2019-09-14,"2019",Saturday,September,Sep,9,3
20190915,2019-09-15,"2019",Sunday,September,Sep,9,3
20190916,2019-09-16,"2019",Monday,September,Sep,9,3
20190917,2019-09-17,"2019",Tuesday,September,Sep,9,3
20190918,2019-09-18,"2019",Wednesday,September,Sep,9,3
20190919,2019-09-19,"2019",Thursday,September,Sep,9,3
20190920,2019-09-20,"2019",Friday,September,Sep,9,3
20190921,2019-09-21,"2019",Saturday,September,Sep,9,3
20190922,2019-09-22,"2019",Sunday,September,Sep,9,3
20190923,2019-09-23,"2019",Monday,September,Sep,9,3
20190924,2019-09-24,"2019",Tuesday,September,Sep,9,3
20190925,2019-09-25,"2019",Wednesday,September,Sep,9,3
20190926,2019-09-26,"2019",Thursday,September,Sep,9,3
20190927,2019-09-27,"2019",Friday,September,Sep,9,3
20190928,2019-09-28,"2019",Saturday,September,Sep,9,3
20190929,2019-09-29,"2019",Sunday,September,Sep,9,3
20190930,2019-09-30,"2019",Monday,September,Sep,9,3
20191001,2019-10-01,"2019",Tuesday,October,Oct,10,4
20191002,2019-10-02,"2019",Wednesday,October,Oct,10,4
20191003,2019-10-03,"2019",Thursday,October,Oct,10,4
20191004,2019-10-04,"2019",Friday,October,Oct,10,4
20191005,2019-10-05,"2019",Saturday,October,Oct,10,4
20191006,2019-10-06,"2019",Sunday,October,Oct,10,4
20191007,2019-10-07,"2019",Monday,October,Oct,10,4
20191008,2019-10-08,"2019",Tuesday,October,Oct,10,4
20191009,2019-10-09,"2019",Wednesday,October,Oct,10,4
20191010,2019-10-10,"2019",Thursday,October,Oct,10,4
20191011,2019-10-11,"2019",Friday,October,Oct,10,4
20191012,2019-10-12,"2019",Saturday,October,Oct,10,4
20191013,2019-10-13,"2019",Sunday,October,Oct,10,4
20191014,2019-10-14,"2019",Monday,October,Oct,10,4
20191015,2019-10-15,"2019",Tuesday,October,Oct,10,4
20191016,2019-10-16,"2019",Wednesday,October,Oct,10,4
20191017,2019-10-17,"2019",Thursday,October,Oct,10,4
20191018,2019-10-18,"2019",Friday,October,Oct,10,4
20191019,2019-10-19,"2019",Saturday,October,Oct,10,4
20191020,2019-10-20,"2019",Sunday,October,Oct,10,4
20191021,2019-10-21,"2019",Monday,October,Oct,10,4
20191022,2019-10-22,"2019",Tuesday,October,Oct,10,4
20191023,2019-10-23,"2019",Wednesday,October,Oct,10,4
20191024,2019-10-24,"2019",Thursday,October,Oct,10,4
20191025,2019-10-25,"2019",Friday,October,Oct,10,4
20191026,2019-10-26,"2019",Saturday,October,Oct,10,4
20191027,2019-10-27,"2019",Sunday,October,Oct,10,4
20191028,2019-10-28,"2019",Monday,October,Oct,10,4
20191029,2019-10-29,"2019",Tuesday,October,Oct,10,4
20191030,2019-10-30,"2019",Wednesday,October,Oct,10,4
20191031,2019-10-31,"2019",Thursday,October,Oct,10,4
20191101,2019-11-01,"2019",Friday,November,Nov,11,4
20191102,2019-11-02,"2019",Saturday,November,Nov,11,4
20191103,2019-11-03,"2019",Sunday,November,Nov,11,4
20191104,2019-11-04,"2019",Monday,November,Nov,11,4
20191105,2019-11-05,"2019",Tuesday,November,Nov,11,4
20191106,2019-11-06,"2019",Wednesday,November,Nov,11,4
20191107,2019-11-07,"2019",Thursday,November,Nov,11,4
20191108,2019-11-08,"2019",Friday,November,Nov,11,4
20191109,2019-11-09,"2019",Saturday,November,Nov,11,4
20191110,2019-11-10,"2019",Sunday,November,Nov,11,4
20191111,2019-11-11,"2019",Monday,November,Nov,11,4
20191112,2019-11-12,"2019",Tuesday,November,Nov,11,4
20191113,2019-11-13,"2019",Wednesday,November,Nov,11,4
20191114,2019-11-14,"2019",Thursday,November,Nov,11,4
20191115,2019-11-15,"2019",Friday,November,Nov,11,4
20191116,2019-11-16,"2019",Saturday,November,Nov,11,4
20191117,2019-11-17,"2019",Sunday,November,Nov,11,4
20191118,2019-11-18,"2019",Monday,November,Nov,11,4
20191119,2019-11-19,"2019",Tuesday,November,Nov,11,4
20191120,2019-11-20,"2019",Wednesday,November,Nov,11,4
20191121,2019-11-21,"2019",Thursday,November,Nov,11,4
20191122,2019-11-22,"2019",Friday,November,Nov,11,4
20191123,2019-11-23,"2019",Saturday,November,Nov,11,4
20191124,2019-11-24,"2019",Sunday,November,Nov,11,4
20191125,2019-11-25,"2019",Monday,November,Nov,11,4
20191126,2019-11-26,"2019",Tuesday,November,Nov,11,4
20191127,2019-11-27,"2019",Wednesday,November,Nov,11,4
20191128,2019-11-28,"2019",Thursday,November,Nov,11,4
20191129,2019-11-29,"2019",Friday,November,Nov,11,4
20191130,2019-11-30,"2019",Saturday,November,Nov,11,4
20191201,2019-12-01,"2019",Sunday,December,Dec,12,4
20191202,2019-12-02,"2019",Monday,December,Dec,12,4
20191203,2019-12-03,"2019",Tuesday,December,Dec,12,4
20191204,2019-12-04,"2019",Wednesday,December,Dec,12,4
20191205,2019-12-05,"2019",Thursday,December,Dec,12,4
20191206,2019-12-06,"2019",Friday,December,Dec,12,4
20191207,2019-12-07,"2019",Saturday,December,Dec,12,4
20191208,2019-12-08,"2019",Sunday,December,Dec,12,4
20191209,2019-12-09,"2019",Monday,December,Dec,12,4
20191210,2019-12-10,"2019",Tuesday,December,Dec,12,4
20191211,2019-12-11,"2019",Wednesday,December,Dec,12,4
20191212,2019-12-12,"2019",Thursday,December,Dec,12,4
20191213,2019-12-13,"2019",Friday,December,Dec,12,4
20191214,2019-12-14,"2019",Saturday,December,Dec,12,4
20191215,2019-12-15,"2019",Sunday,December,Dec,12,4
20191216,2019-12-16,"2019",Monday,December,Dec,12,4
20191217,2019-12-17,"2019",Tuesday,December,Dec,12,4
20191218,2019-12-18,"2019",Wednesday,December,Dec,12,4
20191219,2019-12-19,"2019",Thursday,December,Dec,12,4
20191220,2019-12-20,"2019",Friday,December,Dec,12,4
20191221,2019-12-21,"2019",Saturday,December,Dec,12,4
20191222,2019-12-22,"2019",Sunday,December,Dec,12,4
20191223,2019-12-23,"2019",Monday,December,Dec,12,4
20191224,2019-12-24,"2019",Tuesday,December,Dec,12,4
20191225,2019-12-25,"2019",Wednesday,December,Dec,12,4
20191226,2019-12-26,"2019",Thursday,December,Dec,12,4
20191227,2019-12-27,"2019",Friday,December,Dec,12,4
20191228,2019-12-28,"2019",Saturday,December,Dec,12,4
20191229,2019-12-29,"2019",Sunday,December,Dec,12,4
20191230,2019-12-30,"2019",Monday,December,Dec,12,4
20191231,2019-12-31,"2019",Tuesday,December,Dec,12,4
20200101,2020-01-01,"2020",Wednesday,January,Jan,1,1
20200102,2020-01-02,"2020",Thursday,January,Jan,1,1
20200103,2020-01-03,"2020",Friday,January,Jan,1,1
20200104,2020-01-04,"2020",Saturday,January,Jan,1,1
20200105,2020-01-05,"2020",Sunday,January,Jan,1,1
20200106,2020-01-06,"2020",Monday,January,Jan,1,1
20200107,2020-01-07,"2020",Tuesday,January,Jan,1,1
20200108,2020-01-08,"2020",Wednesday,January,Jan,1,1
20200109,2020-01-09,"2020",Thursday,January,Jan,1,1
20200110,2020-01-10,"2020",Friday,January,Jan,1,1
20200111,2020-01-11,"2020",Saturday,January,Jan,1,1
20200112,2020-01-12,"2020",Sunday,January,Jan,1,1
20200113,2020-01-13,"2020",Monday,January,Jan,1,1
20200114,2020-01-14,"2020",Tuesday,January,Jan,1,1
20200115,2020-01-15,"2020",Wednesday,January,Jan,1,1
20200116,2020-01-16,"2020",Thursday,January,Jan,1,1
20200117,2020-01-17,"2020",Friday,January,Jan,1,1
20200118,2020-01-18,"2020",Saturday,January,Jan,1,1
20200119,2020-01-19,"2020",Sunday,January,Jan,1,1
20200120,2020-01-20,"2020",Monday,January,Jan,1,1
20200121,2020-01-21,"2020",Tuesday,January,Jan,1,1
20200122,2020-01-22,"2020",Wednesday,January,Jan,1,1
20200123,2020-01-23,"2020",Thursday,January,Jan,1,1
20200124,2020-01-24,"2020",Friday,January,Jan,1,1
20200125,2020-01-25,"2020",Saturday,January,Jan,1,1
20200126,2020-01-26,"2020",Sunday,January,Jan,1,1
20200127,2020-01-27,"2020",Monday,January,Jan,1,1
20200128,2020-01-28,"2020",Tuesday,January,Jan,1,1
20200129,2020-01-29,"2020",Wednesday,January,Jan,1,1
20200130,2020-01-30,"2020",Thursday,January,Jan,1,1
20200131,2020-01-31,"2020",Friday,January,Jan,1,1
20200201,2020-02-01,"2020",Saturday,February,Feb,2,1
20200202,2020-02-02,"2020",Sunday,February,Feb,2,1
20200203,2020-02-03,"2020",Monday,February,Feb,2,1
20200204,2020-02-04,"2020",Tuesday,February,Feb,2,1
20200205,2020-02-05,"2020",Wednesday,February,Feb,2,1
20200206,2020-02-06,"2020",Thursday,February,Feb,2,1
20200207,2020-02-07,"2020",Friday,February,Feb,2,1
20200208,2020-02-08,"2020",Saturday,February,Feb,2,1
20200209,2020-02-09,"2020",Sunday,February,Feb,2,1
20200210,2020-02-10,"2020",Monday,February,Feb,2,1
20200211,2020-02-11,"2020",Tuesday,February,Feb,2,1
20200212,2020-02-12,"2020",Wednesday,February,Feb,2,1
20200213,2020-02-13,"2020",Thursday,February,Feb,2,1
20200214,2020-02-14,"2020",Friday,February,Feb,2,1
20200215,2020-02-15,"2020",Saturday,February,Feb,2,1
20200216,2020-02-16,"2020",Sunday,February,Feb,2,1
20200217,2020-02-17,"2020",Monday,February,Feb,2,1
20200218,2020-02-18,"2020",Tuesday,February,Feb,2,1
20200219,2020-02-19,"2020",Wednesday,February,Feb,2,1
20200220,2020-02-20,"2020",Thursday,February,Feb,2,1
20200221,2020-02-21,"2020",Friday,February,Feb,2,1
20200222,2020-02-22,"2020",Saturday,February,Feb,2,1
20200223,2020-02-23,"2020",Sunday,February,Feb,2,1
20200224,2020-02-24,"2020",Monday,February,Feb,2,1
20200225,2020-02-25,"2020",Tuesday,February,Feb,2,1
20200226,2020-02-26,"2020",Wednesday,February,Feb,2,1
20200227,2020-02-27,"2020",Thursday,February,Feb,2,1
20200228,2020-02-28,"2020",Friday,February,Feb,2,1
20200229,2020-02-29,"2020",Saturday,February,Feb,2,1
20200301,2020-03-01,"2020",Sunday,March,Mar,3,1
20200302,2020-03-02,"2020",Monday,March,Mar,3,1
20200303,2020-03-03,"2020",Tuesday,March,Mar,3,1
20200304,2020-03-04,"2020",Wednesday,March,Mar,3,1
20200305,2020-03-05,"2020",Thursday,March,Mar,3,1
20200306,2020-03-06,"2020",Friday,March,Mar,3,1
20200307,2020-03-07,"2020",Saturday,March,Mar,3,1
20200308,2020-03-08,"2020",Sunday,March,Mar,3,1
20200309,2020-03-09,"2020",Monday,March,Mar,3,1
20200310,2020-03-10,"2020",Tuesday,March,Mar,3,1
20200311,2020-03-11,"2020",Wednesday,March,Mar,3,1
20200312,2020-03-12,"2020",Thursday,March,Mar,3,1
20200313,2020-03-13,"2020",Friday,March,Mar,3,1
20200314,2020-03-14,"2020",Saturday,March,Mar,3,1
20200315,2020-03-15,"2020",Sunday,March,Mar,3,1
20200316,2020-03-16,"2020",Monday,March,Mar,3,1
20200317,2020-03-17,"2020",Tuesday,March,Mar,3,1
20200318,2020-03-18,"2020",Wednesday,March,Mar,3,1
20200319,2020-03-19,"2020",Thursday,March,Mar,3,1
20200320,2020-03-20,"2020",Friday,March,Mar,3,1
20200321,2020-03-21,"2020",Saturday,March,Mar,3,1
20200322,2020-03-22,"2020",Sunday,March,Mar,3,1
20200323,2020-03-23,"2020",Monday,March,Mar,3,1
20200324,2020-03-24,"2020",Tuesday,March,Mar,3,1
20200325,2020-03-25,"2020",Wednesday,March,Mar,3,1
20200326,2020-03-26,"2020",Thursday,March,Mar,3,1
20200327,2020-03-27,"2020",Friday,March,Mar,3,1
20200328,2020-03-28,"2020",Saturday,March,Mar,3,1
20200329,2020-03-29,"2020",Sunday,March,Mar,3,1
20200330,2020-03-30,"2020",Monday,March,Mar,3,1
20200331,2020-03-31,"2020",Tuesday,March,Mar,3,1
20200401,2020-04-01,"2020",Wednesday,April,Apr,4,2
20200402,2020-04-02,"2020",Thursday,April,Apr,4,2
20200403,2020-04-03,"2020",Friday,April,Apr,4,2
20200404,2020-04-04,"2020",Saturday,April,Apr,4,2
20200405,2020-04-05,"2020",Sunday,April,Apr,4,2
20200406,2020-04-06,"2020",Monday,April,Apr,4,2
20200407,2020-04-07,"2020",Tuesday,April,Apr,4,2
20200408,2020-04-08,"2020",Wednesday,April,Apr,4,2
20200409,2020-04-09,"2020",Thursday,April,Apr,4,2
20200410,2020-04-10,"2020",Friday,April,Apr,4,2
20200411,2020-04-11,"2020",Saturday,April,Apr,4,2
20200412,2020-04-12,"2020",Sunday,April,Apr,4,2
20200413,2020-04-13,"2020",Monday,April,Apr,4,2
20200414,2020-04-14,"2020",Tuesday,April,Apr,4,2
20200415,2020-04-15,"2020",Wednesday,April,Apr,4,2
20200416,2020-04-16,"2020",Thursday,April,Apr,4,2
20200417,2020-04-17,"2020",Friday,April,Apr,4,2
20200418,2020-04-18,"2020",Saturday,April,Apr,4,2
20200419,2020-04-19,"2020",Sunday,April,Apr,4,2
20200420,2020-04-20,"2020",Monday,April,Apr,4,2
20200421,2020-04-21,"2020",Tuesday,April,Apr,4,2
20200422,2020-04-22,"2020",Wednesday,April,Apr,4,2
20200423,2020-04-23,"2020",Thursday,April,Apr,4,2
20200424,2020-04-24,"2020",Friday,April,Apr,4,2
20200425,2020-04-25,"2020",Saturday,April,Apr,4,2
20200426,2020-04-26,"2020",Sunday,April,Apr,4,2
20200427,2020-04-27,"2020",Monday,April,Apr,4,2
20200428,2020-04-28,"2020",Tuesday,April,Apr,4,2
20200429,2020-04-29,"2020",Wednesday,April,Apr,4,2
20200430,2020-04-30,"2020",Thursday,April,Apr,4,2
20200501,2020-05-01,"2020",Friday,May,May,5,2
20200502,2020-05-02,"2020",Saturday,May,May,5,2
20200503,2020-05-03,"2020",Sunday,May,May,5,2
20200504,2020-05-04,"2020",Monday,May,May,5,2
20200505,2020-05-05,"2020",Tuesday,May,May,5,2
20200506,2020-05-06,"2020",Wednesday,May,May,5,2
20200507,2020-05-07,"2020",Thursday,May,May,5,2
20200508,2020-05-08,"2020",Friday,May,May,5,2
20200509,2020-05-09,"2020",Saturday,May,May,5,2
20200510,2020-05-10,"2020",Sunday,May,May,5,2
20200511,2020-05-11,"2020",Monday,May,May,5,2
20200512,2020-05-12,"2020",Tuesday,May,May,5,2
20200513,2020-05-13,"2020",Wednesday,May,May,5,2
20200514,2020-05-14,"2020",Thursday,May,May,5,2
20200515,2020-05-15,"2020",Friday,May,May,5,2
20200516,2020-05-16,"2020",Saturday,May,May,5,2
20200517,2020-05-17,"2020",Sunday,May,May,5,2
20200518,2020-05-18,"2020",Monday,May,May,5,2
20200519,2020-05-19,"2020",Tuesday,May,May,5,2
20200520,2020-05-20,"2020",Wednesday,May,May,5,2
20200521,2020-05-21,"2020",Thursday,May,May,5,2
20200522,2020-05-22,"2020",Friday,May,May,5,2
20200523,2020-05-23,"2020",Saturday,May,May,5,2
20200524,2020-05-24,"2020",Sunday,May,May,5,2
20200525,2020-05-25,"2020",Monday,May,May,5,2
20200526,2020-05-26,"2020",Tuesday,May,May,5,2
20200527,2020-05-27,"2020",Wednesday,May,May,5,2
20200528,2020-05-28,"2020",Thursday,May,May,5,2
20200529,2020-05-29,"2020",Friday,May,May,5,2
20200530,2020-05-30,"2020",Saturday,May,May,5,2
20200531,2020-05-31,"2020",Sunday,May,May,5,2
20200601,2020-06-01,"2020",Monday,June,Jun,6,2
20200602,2020-06-02,"2020",Tuesday,June,Jun,6,2
20200603,2020-06-03,"2020",Wednesday,June,Jun,6,2
20200604,2020-06-04,"2020",Thursday,June,Jun,6,2
20200605,2020-06-05,"2020",Friday,June,Jun,6,2
20200606,2020-06-06,"2020",Saturday,June,Jun,6,2
20200607,2020-06-07,"2020",Sunday,June,Jun,6,2
20200608,2020-06-08,"2020",Monday,June,Jun,6,2
20200609,2020-06-09,"2020",Tuesday,June,Jun,6,2
20200610,2020-06-10,"2020",Wednesday,June,Jun,6,2
20200611,2020-06-11,"2020",Thursday,June,Jun,6,2
20200612,2020-06-12,"2020",Friday,June,Jun,6,2
20200613,2020-06-13,"2020",Saturday,June,Jun,6,2
20200614,2020-06-14,"2020",Sunday,June,Jun,6,2
20200615,2020-06-15,"2020",Monday,June,Jun,6,2
20200616,2020-06-16,"2020",Tuesday,June,Jun,6,2
20200617,2020-06-17,"2020",Wednesday,June,Jun,6,2
20200618,2020-06-18,"2020",Thursday,June,Jun,6,2
20200619,2020-06-19,"2020",Friday,June,Jun,6,2
20200620,2020-06-20,"2020",Saturday,June,Jun,6,2
20200621,2020-06-21,"2020",Sunday,June,Jun,6,2
20200622,2020-06-22,"2020",Monday,June,Jun,6,2
20200623,2020-06-23,"2020",Tuesday,June,Jun,6,2
20200624,2020-06-24,"2020",Wednesday,June,Jun,6,2
20200625,2020-06-25,"2020",Thursday,June,Jun,6,2
20200626,2020-06-26,"2020",Friday,June,Jun,6,2
20200627,2020-06-27,"2020",Saturday,June,Jun,6,2
20200628,2020-06-28,"2020",Sunday,June,Jun,6,2
20200629,2020-06-29,"2020",Monday,June,Jun,6,2
20200630,2020-06-30,"2020",Tuesday,June,Jun,6,2
20200701,2020-07-01,"2020",Wednesday,July,Jul,7,3
20200702,2020-07-02,"2020",Thursday,July,Jul,7,3
20200703,2020-07-03,"2020",Friday,July,Jul,7,3
20200704,2020-07-04,"2020",Saturday,July,Jul,7,3
20200705,2020-07-05,"2020",Sunday,July,Jul,7,3
20200706,2020-07-06,"2020",Monday,July,Jul,7,3
20200707,2020-07-07,"2020",Tuesday,July,Jul,7,3
20200708,2020-07-08,"2020",Wednesday,July,Jul,7,3
20200709,2020-07-09,"2020",Thursday,July,Jul,7,3
20200710,2020-07-10,"2020",Friday,July,Jul,7,3
20200711,2020-07-11,"2020",Saturday,July,Jul,7,3
20200712,2020-07-12,"2020",Sunday,July,Jul,7,3
20200713,2020-07-13,"2020",Monday,July,Jul,7,3
20200714,2020-07-14,"2020",Tuesday,July,Jul,7,3
20200715,2020-07-15,"2020",Wednesday,July,Jul,7,3
20200716,2020-07-16,"2020",Thursday,July,Jul,7,3
20200717,2020-07-17,"2020",Friday,July,Jul,7,3
20200718,2020-07-18,"2020",Saturday,July,Jul,7,3
20200719,2020-07-19,"2020",Sunday,July,Jul,7,3
20200720,2020-07-20,"2020",Monday,July,Jul,7,3
20200721,2020-07-21,"2020",Tuesday,July,Jul,7,3
20200722,2020-07-22,"2020",Wednesday,July,Jul,7,3
20200723,2020-07-23,"2020",Thursday,July,Jul,7,3
20200724,2020-07-24,"2020",Friday,July,Jul,7,3
20200725,2020-07-25,"2020",Saturday,July,Jul,7,3
20200726,2020-07-26,"2020",Sunday,July,Jul,7,3
20200727,2020-07-27,"2020",Monday,July,Jul,7,3
20200728,2020-07-28,"2020",Tuesday,July,Jul,7,3
20200729,2020-07-29,"2020",Wednesday,July,Jul,7,3
20200730,2020-07-30,"2020",Thursday,July,Jul,7,3
20200731,2020-07-31,"2020",Friday,July,Jul,7,3
20200801,2020-08-01,"2020",Saturday,August,Aug,8,3
20200802,2020-08-02,"2020",Sunday,August,Aug,8,3
20200803,2020-08-03,"2020",Monday,August,Aug,8,3
20200804,2020-08-04,"2020",Tuesday,August,Aug,8,3
20200805,2020-08-05,"2020",Wednesday,August,Aug,8,3
20200806,2020-08-06,"2020",Thursday,August,Aug,8,3
20200807,2020-08-07,"2020",Friday,August,Aug,8,3
20200808,2020-08-08,"2020",Saturday,August,Aug,8,3
20200809,2020-08-09,"2020",Sunday,August,Aug,8,3
20200810,2020-08-10,"2020",Monday,August,Aug,8,3
20200811,2020-08-11,"2020",Tuesday,August,Aug,8,3
20200812,2020-08-12,"2020",Wednesday,August,Aug,8,3
20200813,2020-08-13,"2020",Thursday,August,Aug,8,3
20200814,2020-08-14,"2020",Friday,August,Aug,8,3
20200815,2020-08-15,"2020",Saturday,August,Aug,8,3
20200816,2020-08-16,"2020",Sunday,August,Aug,8,3
20200817,2020-08-17,"2020",Monday,August,Aug,8,3
20200818,2020-08-18,"2020",Tuesday,August,Aug,8,3
20200819,2020-08-19,"2020",Wednesday,August,Aug,8,3
20200820,2020-08-20,"2020",Thursday,August,Aug,8,3
20200821,2020-08-21,"2020",Friday,August,Aug,8,3
20200822,2020-08-22,"2020",Saturday,August,Aug,8,3
20200823,2020-08-23,"2020",Sunday,August,Aug,8,3
20200824,2020-08-24,"2020",Monday,August,Aug,8,3
20200825,2020-08-25,"2020",Tuesday,August,Aug,8,3
20200826,2020-08-26,"2020",Wednesday,August,Aug,8,3
20200827,2020-08-27,"2020",Thursday,August,Aug,8,3
20200828,2020-08-28,"2020",Friday,August,Aug,8,3
20200829,2020-08-29,"2020",Saturday,August,Aug,8,3
20200830,2020-08-30,"2020",Sunday,August,Aug,8,3
20200831,2020-08-31,"2020",Monday,August,Aug,8,3
20200901,2020-09-01,"2020",Tuesday,September,Sep,9,3
20200902,2020-09-02,"2020",Wednesday,September,Sep,9,3
20200903,2020-09-03,"2020",Thursday,September,Sep,9,3
20200904,2020-09-04,"2020",Friday,September,Sep,9,3
20200905,2020-09-05,"2020",Saturday,September,Sep,9,3
20200906,2020-09-06,"2020",Sunday,September,Sep,9,3
20200907,2020-09-07,"2020",Monday,September,Sep,9,3
20200908,2020-09-08,"2020",Tuesday,September,Sep,9,3
20200909,2020-09-09,"2020",Wednesday,September,Sep,9,3
20200910,2020-09-10,"2020",Thursday,September,Sep,9,3
20200911,2020-09-11,"2020",Friday,September,Sep,9,3
20200912,2020-09-12,"2020",Saturday,September,Sep,9,3
20200913,2020-09-13,"2020",Sunday,September,Sep,9,3
20200914,2020-09-14,"2020",Monday,September,Sep,9,3
20200915,2020-09-15,"2020",Tuesday,September,Sep,9,3
20200916,2020-09-16,"2020",Wednesday,September,Sep,9,3
20200917,2020-09-17,"2020",Thursday,September,Sep,9,3
20200918,2020-09-18,"2020",Friday,September,Sep,9,3
20200919,2020-09-19,"2020",Saturday,September,Sep,9,3
20200920,2020-09-20,"2020",Sunday,September,Sep,9,3
20200921,2020-09-21,"2020",Monday,September,Sep,9,3
20200922,2020-09-22,"2020",Tuesday,September,Sep,9,3
20200923,2020-09-23,"2020",Wednesday,September,Sep,9,3
20200924,2020-09-24,"2020",Thursday,September,Sep,9,3
20200925,2020-09-25,"2020",Friday,September,Sep,9,3
20200926,2020-09-26,"2020",Saturday,September,Sep,9,3
20200927,2020-09-27,"2020",Sunday,September,Sep,9,3
20200928,2020-09-28,"2020",Monday,September,Sep,9,3
20200929,2020-09-29,"2020",Tuesday,September,Sep,9,3
20200930,2020-09-30,"2020",Wednesday,September,Sep,9,3
20201001,2020-10-01,"2020",Thursday,October,Oct,10,4
20201002,2020-10-02,"2020",Friday,October,Oct,10,4
20201003,2020-10-03,"2020",Saturday,October,Oct,10,4
20201004,2020-10-04,"2020",Sunday,October,Oct,10,4
20201005,2020-10-05,"2020",Monday,October,Oct,10,4
20201006,2020-10-06,"2020",Tuesday,October,Oct,10,4
20201007,2020-10-07,"2020",Wednesday,October,Oct,10,4
20201008,2020-10-08,"2020",Thursday,October,Oct,10,4
20201009,2020-10-09,"2020",Friday,October,Oct,10,4
20201010,2020-10-10,"2020",Saturday,October,Oct,10,4
20201011,2020-10-11,"2020",Sunday,October,Oct,10,4
20201012,2020-10-12,"2020",Monday,October,Oct,10,4
20201013,2020-10-13,"2020",Tuesday,October,Oct,10,4
20201014,2020-10-14,"2020",Wednesday,October,Oct,10,4
20201015,2020-10-15,"2020",Thursday,October,Oct,10,4
20201016,2020-10-16,"2020",Friday,October,Oct,10,4
20201017,2020-10-17,"2020",Saturday,October,Oct,10,4
20201018,2020-10-18,"2020",Sunday,October,Oct,10,4
20201019,2020-10-19,"2020",Monday,October,Oct,10,4
20201020,2020-10-20,"2020",Tuesday,October,Oct,10,4
20201021,2020-10-21,"2020",Wednesday,October,Oct,10,4
20201022,2020-10-22,"2020",Thursday,October,Oct,10,4
20201023,2020-10-23,"2020",Friday,October,Oct,10,4
20201024,2020-10-24,"2020",Saturday,October,Oct,10,4
20201025,2020-10-25,"2020",Sunday,October,Oct,10,4
20201026,2020-10-26,"2020",Monday,October,Oct,10,4
20201027,2020-10-27,"2020",Tuesday,October,Oct,10,4
20201028,2020-10-28,"2020",Wednesday,October,Oct,10,4
20201029,2020-10-29,"2020",Thursday,October,Oct,10,4
20201030,2020-10-30,"2020",Friday,October,Oct,10,4
20201031,2020-10-31,"2020",Saturday,October,Oct,10,4
20201101,2020-11-01,"2020",Sunday,November,Nov,11,4
20201102,2020-11-02,"2020",Monday,November,Nov,11,4
20201103,2020-11-03,"2020",Tuesday,November,Nov,11,4
20201104,2020-11-04,"2020",Wednesday,November,Nov,11,4
20201105,2020-11-05,"2020",Thursday,November,Nov,11,4
20201106,2020-11-06,"2020",Friday,November,Nov,11,4
20201107,2020-11-07,"2020",Saturday,November,Nov,11,4
20201108,2020-11-08,"2020",Sunday,November,Nov,11,4
20201109,2020-11-09,"2020",Monday,November,Nov,11,4
20201110,2020-11-10,"2020",Tuesday,November,Nov,11,4
20201111,2020-11-11,"2020",Wednesday,November,Nov,11,4
20201112,2020-11-12,"2020",Thursday,November,Nov,11,4
20201113,2020-11-13,"2020",Friday,November,Nov,11,4
20201114,2020-11-14,"2020",Saturday,November,Nov,11,4
20201115,2020-11-15,"2020",Sunday,November,Nov,11,4
20201116,2020-11-16,"2020",Monday,November,Nov,11,4
20201117,2020-11-17,"2020",Tuesday,November,Nov,11,4
20201118,2020-11-18,"2020",Wednesday,November,Nov,11,4
20201119,2020-11-19,"2020",Thursday,November,Nov,11,4
20201120,2020-11-20,"2020",Friday,November,Nov,11,4
20201121,2020-11-21,"2020",Saturday,November,Nov,11,4
20201122,2020-11-22,"2020",Sunday,November,Nov,11,4
20201123,2020-11-23,"2020",Monday,November,Nov,11,4
20201124,2020-11-24,"2020",Tuesday,November,Nov,11,4
20201125,2020-11-25,"2020",Wednesday,November,Nov,11,4
20201126,2020-11-26,"2020",Thursday,November,Nov,11,4
20201127,2020-11-27,"2020",Friday,November,Nov,11,4
20201128,2020-11-28,"2020",Saturday,November,Nov,11,4
20201129,2020-11-29,"2020",Sunday,November,Nov,11,4
20201130,2020-11-30,"2020",Monday,November,Nov,11,4
20201201,2020-12-01,"2020",Tuesday,December,Dec,12,4
20201202,2020-12-02,"2020",Wednesday,December,Dec,12,4
20201203,2020-12-03,"2020",Thursday,December,Dec,12,4
20201204,2020-12-04,"2020",Friday,December,Dec,12,4
20201205,2020-12-05,"2020",Saturday,December,Dec,12,4
20201206,2020-12-06,"2020",Sunday,December,Dec,12,4
20201207,2020-12-07,"2020",Monday,December,Dec,12,4
20201208,2020-12-08,"2020",Tuesday,December,Dec,12,4
20201209,2020-12-09,"2020",Wednesday,December,Dec,12,4
20201210,2020-12-10,"2020",Thursday,December,Dec,12,4
20201211,2020-12-11,"2020",Friday,December,Dec,12,4
20201212,2020-12-12,"2020",Saturday,December,Dec,12,4
20201213,2020-12-13,"2020",Sunday,December,Dec,12,4
20201214,2020-12-14,"2020",Monday,December,Dec,12,4
20201215,2020-12-15,"2020",Tuesday,December,Dec,12,4
20201216,2020-12-16,"2020",Wednesday,December,Dec,12,4
20201217,2020-12-17,"2020",Thursday,December,Dec,12,4
20201218,2020-12-18,"2020",Friday,December,Dec,12,4
20201219,2020-12-19,"2020",Saturday,December,Dec,12,4
20201220,2020-12-20,"2020",Sunday,December,Dec,12,4
20201221,2020-12-21,"2020",Monday,December,Dec,12,4
20201222,2020-12-22,"2020",Tuesday,December,Dec,12,4
20201223,2020-12-23,"2020",Wednesday,December,Dec,12,4
20201224,2020-12-24,"2020",Thursday,December,Dec,12,4
20201225,2020-12-25,"2020",Friday,December,Dec,12,4
20201226,2020-12-26,"2020",Saturday,December,Dec,12,4
20201227,2020-12-27,"2020",Sunday,December,Dec,12,4
20201228,2020-12-28,"2020",Monday,December,Dec,12,4
20201229,2020-12-29,"2020",Tuesday,December,Dec,12,4
20201230,2020-12-30,"2020",Wednesday,December,Dec,12,4
20201231,2020-12-31,"2020",Thursday,December,Dec,12,4
20210101,2021-01-01,"2021",Friday,January,Jan,1,1
20210102,2021-01-02,"2021",Saturday,January,Jan,1,1
20210103,2021-01-03,"2021",Sunday,January,Jan,1,1
20210104,2021-01-04,"2021",Monday,January,Jan,1,1
20210105,2021-01-05,"2021",Tuesday,January,Jan,1,1
20210106,2021-01-06,"2021",Wednesday,January,Jan,1,1
20210107,2021-01-07,"2021",Thursday,January,Jan,1,1
20210108,2021-01-08,"2021",Friday,January,Jan,1,1
20210109,2021-01-09,"2021",Saturday,January,Jan,1,1
20210110,2021-01-10,"2021",Sunday,January,Jan,1,1
20210111,2021-01-11,"2021",Monday,January,Jan,1,1
20210112,2021-01-12,"2021",Tuesday,January,Jan,1,1
20210113,2021-01-13,"2021",Wednesday,January,Jan,1,1
20210114,2021-01-14,"2021",Thursday,January,Jan,1,1
20210115,2021-01-15,"2021",Friday,January,Jan,1,1
20210116,2021-01-16,"2021",Saturday,January,Jan,1,1
20210117,2021-01-17,"2021",Sunday,January,Jan,1,1
20210118,2021-01-18,"2021",Monday,January,Jan,1,1
20210119,2021-01-19,"2021",Tuesday,January,Jan,1,1
20210120,2021-01-20,"2021",Wednesday,January,Jan,1,1
20210121,2021-01-21,"2021",Thursday,January,Jan,1,1
20210122,2021-01-22,"2021",Friday,January,Jan,1,1
20210123,2021-01-23,"2021",Saturday,January,Jan,1,1
20210124,2021-01-24,"2021",Sunday,January,Jan,1,1
20210125,2021-01-25,"2021",Monday,January,Jan,1,1
20210126,2021-01-26,"2021",Tuesday,January,Jan,1,1
20210127,2021-01-27,"2021",Wednesday,January,Jan,1,1
20210128,2021-01-28,"2021",Thursday,January,Jan,1,1
20210129,2021-01-29,"2021",Friday,January,Jan,1,1
20210130,2021-01-30,"2021",Saturday,January,Jan,1,1
20210131,2021-01-31,"2021",Sunday,January,Jan,1,1
20210201,2021-02-01,"2021",Monday,February,Feb,2,1
20210202,2021-02-02,"2021",Tuesday,February,Feb,2,1
20210203,2021-02-03,"2021",Wednesday,February,Feb,2,1
20210204,2021-02-04,"2021",Thursday,February,Feb,2,1
20210205,2021-02-05,"2021",Friday,February,Feb,2,1
20210206,2021-02-06,"2021",Saturday,February,Feb,2,1
20210207,2021-02-07,"2021",Sunday,February,Feb,2,1
20210208,2021-02-08,"2021",Monday,February,Feb,2,1
20210209,2021-02-09,"2021",Tuesday,February,Feb,2,1
20210210,2021-02-10,"2021",Wednesday,February,Feb,2,1
20210211,2021-02-11,"2021",Thursday,February,Feb,2,1
20210212,2021-02-12,"2021",Friday,February,Feb,2,1
20210213,2021-02-13,"2021",Saturday,February,Feb,2,1
20210214,2021-02-14,"2021",Sunday,February,Feb,2,1
20210215,2021-02-15,"2021",Monday,February,Feb,2,1
20210216,2021-02-16,"2021",Tuesday,February,Feb,2,1
20210217,2021-02-17,"2021",Wednesday,February,Feb,2,1
20210218,2021-02-18,"2021",Thursday,February,Feb,2,1
20210219,2021-02-19,"2021",Friday,February,Feb,2,1
20210220,2021-02-20,"2021",Saturday,February,Feb,2,1
20210221,2021-02-21,"2021",Sunday,February,Feb,2,1
20210222,2021-02-22,"2021",Monday,February,Feb,2,1
20210223,2021-02-23,"2021",Tuesday,February,Feb,2,1
20210224,2021-02-24,"2021",Wednesday,February,Feb,2,1
20210225,2021-02-25,"2021",Thursday,February,Feb,2,1
20210226,2021-02-26,"2021",Friday,February,Feb,2,1
20210227,2021-02-27,"2021",Saturday,February,Feb,2,1
20210228,2021-02-28,"2021",Sunday,February,Feb,2,1
20210301,2021-03-01,"2021",Monday,March,Mar,3,1
20210302,2021-03-02,"2021",Tuesday,March,Mar,3,1
20210303,2021-03-03,"2021",Wednesday,March,Mar,3,1
20210304,2021-03-04,"2021",Thursday,March,Mar,3,1
20210305,2021-03-05,"2021",Friday,March,Mar,3,1
20210306,2021-03-06,"2021",Saturday,March,Mar,3,1
20210307,2021-03-07,"2021",Sunday,March,Mar,3,1
20210308,2021-03-08,"2021",Monday,March,Mar,3,1
20210309,2021-03-09,"2021",Tuesday,March,Mar,3,1
20210310,2021-03-10,"2021",Wednesday,March,Mar,3,1
20210311,2021-03-11,"2021",Thursday,March,Mar,3,1
20210312,2021-03-12,"2021",Friday,March,Mar,3,1
20210313,2021-03-13,"2021",Saturday,March,Mar,3,1
20210314,2021-03-14,"2021",Sunday,March,Mar,3,1
20210315,2021-03-15,"2021",Monday,March,Mar,3,1
20210316,2021-03-16,"2021",Tuesday,March,Mar,3,1
20210317,2021-03-17,"2021",Wednesday,March,Mar,3,1
20210318,2021-03-18,"2021",Thursday,March,Mar,3,1
20210319,2021-03-19,"2021",Friday,March,Mar,3,1
20210320,2021-03-20,"2021",Saturday,March,Mar,3,1
20210321,2021-03-21,"2021",Sunday,March,Mar,3,1
20210322,2021-03-22,"2021",Monday,March,Mar,3,1
20210323,2021-03-23,"2021",Tuesday,March,Mar,3,1
20210324,2021-03-24,"2021",Wednesday,March,Mar,3,1
20210325,2021-03-25,"2021",Thursday,March,Mar,3,1
20210326,2021-03-26,"2021",Friday,March,Mar,3,1
20210327,2021-03-27,"2021",Saturday,March,Mar,3,1
20210328,2021-03-28,"2021",Sunday,March,Mar,3,1
20210329,2021-03-29,"2021",Monday,March,Mar,3,1
20210330,2021-03-30,"2021",Tuesday,March,Mar,3,1
20210331,2021-03-31,"2021",Wednesday,March,Mar,3,1
20210401,2021-04-01,"2021",Thursday,April,Apr,4,2
20210402,2021-04-02,"2021",Friday,April,Apr,4,2
20210403,2021-04-03,"2021",Saturday,April,Apr,4,2
20210404,2021-04-04,"2021",Sunday,April,Apr,4,2
20210405,2021-04-05,"2021",Monday,April,Apr,4,2
20210406,2021-04-06,"2021",Tuesday,April,Apr,4,2
20210407,2021-04-07,"2021",Wednesday,April,Apr,4,2
20210408,2021-04-08,"2021",Thursday,April,Apr,4,2
20210409,2021-04-09,"2021",Friday,April,Apr,4,2
20210410,2021-04-10,"2021",Saturday,April,Apr,4,2
20210411,2021-04-11,"2021",Sunday,April,Apr,4,2
20210412,2021-04-12,"2021",Monday,April,Apr,4,2
20210413,2021-04-13,"2021",Tuesday,April,Apr,4,2
20210414,2021-04-14,"2021",Wednesday,April,Apr,4,2
20210415,2021-04-15,"2021",Thursday,April,Apr,4,2
20210416,2021-04-16,"2021",Friday,April,Apr,4,2
20210417,2021-04-17,"2021",Saturday,April,Apr,4,2
20210418,2021-04-18,"2021",Sunday,April,Apr,4,2
20210419,2021-04-19,"2021",Monday,April,Apr,4,2
20210420,2021-04-20,"2021",Tuesday,April,Apr,4,2
20210421,2021-04-21,"2021",Wednesday,April,Apr,4,2
20210422,2021-04-22,"2021",Thursday,April,Apr,4,2
20210423,2021-04-23,"2021",Friday,April,Apr,4,2
20210424,2021-04-24,"2021",Saturday,April,Apr,4,2
20210425,2021-04-25,"2021",Sunday,April,Apr,4,2
20210426,2021-04-26,"2021",Monday,April,Apr,4,2
20210427,2021-04-27,"2021",Tuesday,April,Apr,4,2
20210428,2021-04-28,"2021",Wednesday,April,Apr,4,2
20210429,2021-04-29,"2021",Thursday,April,Apr,4,2
20210430,2021-04-30,"2021",Friday,April,Apr,4,2
20210501,2021-05-01,"2021",Saturday,May,May,5,2
20210502,2021-05-02,"2021",Sunday,May,May,5,2
20210503,2021-05-03,"2021",Monday,May,May,5,2
20210504,2021-05-04,"2021",Tuesday,May,May,5,2
20210505,2021-05-05,"2021",Wednesday,May,May,5,2
20210506,2021-05-06,"2021",Thursday,May,May,5,2
20210507,2021-05-07,"2021",Friday,May,May,5,2
20210508,2021-05-08,"2021",Saturday,May,May,5,2
20210509,2021-05-09,"2021",Sunday,May,May,5,2
20210510,2021-05-10,"2021",Monday,May,May,5,2
20210511,2021-05-11,"2021",Tuesday,May,May,5,2
20210512,2021-05-12,"2021",Wednesday,May,May,5,2
20210513,2021-05-13,"2021",Thursday,May,May,5,2
20210514,2021-05-14,"2021",Friday,May,May,5,2
20210515,2021-05-15,"2021",Saturday,May,May,5,2
20210516,2021-05-16,"2021",Sunday,May,May,5,2
20210517,2021-05-17,"2021",Monday,May,May,5,2
20210518,2021-05-18,"2021",Tuesday,May,May,5,2
20210519,2021-05-19,"2021",Wednesday,May,May,5,2
20210520,2021-05-20,"2021",Thursday,May,May,5,2
20210521,2021-05-21,"2021",Friday,May,May,5,2
20210522,2021-05-22,"2021",Saturday,May,May,5,2
20210523,2021-05-23,"2021",Sunday,May,May,5,2
20210524,2021-05-24,"2021",Monday,May,May,5,2
20210525,2021-05-25,"2021",Tuesday,May,May,5,2
20210526,2021-05-26,"2021",Wednesday,May,May,5,2
20210527,2021-05-27,"2021",Thursday,May,May,5,2
20210528,2021-05-28,"2021",Friday,May,May,5,2
20210529,2021-05-29,"2021",Saturday,May,May,5,2
20210530,2021-05-30,"2021",Sunday,May,May,5,2
20210531,2021-05-31,"2021",Monday,May,May,5,2
20210601,2021-06-01,"2021",Tuesday,June,Jun,6,2
20210602,2021-06-02,"2021",Wednesday,June,Jun,6,2
20210603,2021-06-03,"2021",Thursday,June,Jun,6,2
20210604,2021-06-04,"2021",Friday,June,Jun,6,2
20210605,2021-06-05,"2021",Saturday,June,Jun,6,2
20210606,2021-06-06,"2021",Sunday,June,Jun,6,2
20210607,2021-06-07,"2021",Monday,June,Jun,6,2
20210608,2021-06-08,"2021",Tuesday,June,Jun,6,2
20210609,2021-06-09,"2021",Wednesday,June,Jun,6,2
20210610,2021-06-10,"2021",Thursday,June,Jun,6,2
20210611,2021-06-11,"2021",Friday,June,Jun,6,2
20210612,2021-06-12,"2021",Saturday,June,Jun,6,2
20210613,2021-06-13,"2021",Sunday,June,Jun,6,2
20210614,2021-06-14,"2021",Monday,June,Jun,6,2
20210615,2021-06-15,"2021",Tuesday,June,Jun,6,2
20210616,2021-06-16,"2021",Wednesday,June,Jun,6,2
20210617,2021-06-17,"2021",Thursday,June,Jun,6,2
20210618,2021-06-18,"2021",Friday,June,Jun,6,2
20210619,2021-06-19,"2021",Saturday,June,Jun,6,2
20210620,2021-06-20,"2021",Sunday,June,Jun,6,2
20210621,2021-06-21,"2021",Monday,June,Jun,6,2
20210622,2021-06-22,"2021",Tuesday,June,Jun,6,2
20210623,2021-06-23,"2021",Wednesday,June,Jun,6,2
20210624,2021-06-24,"2021",Thursday,June,Jun,6,2
20210625,2021-06-25,"2021",Friday,June,Jun,6,2
20210626,2021-06-26,"2021",Saturday,June,Jun,6,2
20210627,2021-06-27,"2021",Sunday,June,Jun,6,2
20210628,2021-06-28,"2021",Monday,June,Jun,6,2
20210629,2021-06-29,"2021",Tuesday,June,Jun,6,2
20210630,2021-06-30,"2021",Wednesday,June,Jun,6,2
20210701,2021-07-01,"2021",Thursday,July,Jul,7,3
20210702,2021-07-02,"2021",Friday,July,Jul,7,3
20210703,2021-07-03,"2021",Saturday,July,Jul,7,3
20210704,2021-07-04,"2021",Sunday,July,Jul,7,3
20210705,2021-07-05,"2021",Monday,July,Jul,7,3
20210706,2021-07-06,"2021",Tuesday,July,Jul,7,3
20210707,2021-07-07,"2021",Wednesday,July,Jul,7,3
20210708,2021-07-08,"2021",Thursday,July,Jul,7,3
20210709,2021-07-09,"2021",Friday,July,Jul,7,3
20210710,2021-07-10,"2021",Saturday,July,Jul,7,3
20210711,2021-07-11,"2021",Sunday,July,Jul,7,3
20210712,2021-07-12,"2021",Monday,July,Jul,7,3
20210713,2021-07-13,"2021",Tuesday,July,Jul,7,3
20210714,2021-07-14,"2021",Wednesday,July,Jul,7,3
20210715,2021-07-15,"2021",Thursday,July,Jul,7,3
20210716,2021-07-16,"2021",Friday,July,Jul,7,3
20210717,2021-07-17,"2021",Saturday,July,Jul,7,3
20210718,2021-07-18,"2021",Sunday,July,Jul,7,3
20210719,2021-07-19,"2021",Monday,July,Jul,7,3
20210720,2021-07-20,"2021",Tuesday,July,Jul,7,3
20210721,2021-07-21,"2021",Wednesday,July,Jul,7,3
20210722,2021-07-22,"2021",Thursday,July,Jul,7,3
20210723,2021-07-23,"2021",Friday,July,Jul,7,3
20210724,2021-07-24,"2021",Saturday,July,Jul,7,3
20210725,2021-07-25,"2021",Sunday,July,Jul,7,3
20210726,2021-07-26,"2021",Monday,July,Jul,7,3
20210727,2021-07-27,"2021",Tuesday,July,Jul,7,3
20210728,2021-07-28,"2021",Wednesday,July,Jul,7,3
20210729,2021-07-29,"2021",Thursday,July,Jul,7,3
20210730,2021-07-30,"2021",Friday,July,Jul,7,3
20210731,2021-07-31,"2021",Saturday,July,Jul,7,3
20210801,2021-08-01,"2021",Sunday,August,Aug,8,3
20210802,2021-08-02,"2021",Monday,August,Aug,8,3
20210803,2021-08-03,"2021",Tuesday,August,Aug,8,3
20210804,2021-08-04,"2021",Wednesday,August,Aug,8,3
20210805,2021-08-05,"2021",Thursday,August,Aug,8,3
20210806,2021-08-06,"2021",Friday,August,Aug,8,3
20210807,2021-08-07,"2021",Saturday,August,Aug,8,3
20210808,2021-08-08,"2021",Sunday,August,Aug,8,3
20210809,2021-08-09,"2021",Monday,August,Aug,8,3
20210810,2021-08-10,"2021",Tuesday,August,Aug,8,3
20210811,2021-08-11,"2021",Wednesday,August,Aug,8,3
20210812,2021-08-12,"2021",Thursday,August,Aug,8,3
20210813,2021-08-13,"2021",Friday,August,Aug,8,3
20210814,2021-08-14,"2021",Saturday,August,Aug,8,3
20210815,2021-08-15,"2021",Sunday,August,Aug,8,3
20210816,2021-08-16,"2021",Monday,August,Aug,8,3
20210817,2021-08-17,"2021",Tuesday,August,Aug,8,3
20210818,2021-08-18,"2021",Wednesday,August,Aug,8,3
20210819,2021-08-19,"2021",Thursday,August,Aug,8,3
20210820,2021-08-20,"2021",Friday,August,Aug,8,3
20210821,2021-08-21,"2021",Saturday,August,Aug,8,3
20210822,2021-08-22,"2021",Sunday,August,Aug,8,3
20210823,2021-08-23,"2021",Monday,August,Aug,8,3
20210824,2021-08-24,"2021",Tuesday,August,Aug,8,3
20210825,2021-08-25,"2021",Wednesday,August,Aug,8,3
20210826,2021-08-26,"2021",Thursday,August,Aug,8,3
20210827,2021-08-27,"2021",Friday,August,Aug,8,3
20210828,2021-08-28,"2021",Saturday,August,Aug,8,3
20210829,2021-08-29,"2021",Sunday,August,Aug,8,3
20210830,2021-08-30,"2021",Monday,August,Aug,8,3
20210831,2021-08-31,"2021",Tuesday,August,Aug,8,3
20210901,2021-09-01,"2021",Wednesday,September,Sep,9,3
20210902,2021-09-02,"2021",Thursday,September,Sep,9,3
20210903,2021-09-03,"2021",Friday,September,Sep,9,3
20210904,2021-09-04,"2021",Saturday,September,Sep,9,3
20210905,2021-09-05,"2021",Sunday,September,Sep,9,3
20210906,2021-09-06,"2021",Monday,September,Sep,9,3
20210907,2021-09-07,"2021",Tuesday,September,Sep,9,3
20210908,2021-09-08,"2021",Wednesday,September,Sep,9,3
20210909,2021-09-09,"2021",Thursday,September,Sep,9,3
20210910,2021-09-10,"2021",Friday,September,Sep,9,3
20210911,2021-09-11,"2021",Saturday,September,Sep,9,3
20210912,2021-09-12,"2021",Sunday,September,Sep,9,3
20210913,2021-09-13,"2021",Monday,September,Sep,9,3
20210914,2021-09-14,"2021",Tuesday,September,Sep,9,3
20210915,2021-09-15,"2021",Wednesday,September,Sep,9,3
20210916,2021-09-16,"2021",Thursday,September,Sep,9,3
20210917,2021-09-17,"2021",Friday,September,Sep,9,3
20210918,2021-09-18,"2021",Saturday,September,Sep,9,3
20210919,2021-09-19,"2021",Sunday,September,Sep,9,3
20210920,2021-09-20,"2021",Monday,September,Sep,9,3
20210921,2021-09-21,"2021",Tuesday,September,Sep,9,3
20210922,2021-09-22,"2021",Wednesday,September,Sep,9,3
20210923,2021-09-23,"2021",Thursday,September,Sep,9,3
20210924,2021-09-24,"2021",Friday,September,Sep,9,3
20210925,2021-09-25,"2021",Saturday,September,Sep,9,3
20210926,2021-09-26,"2021",Sunday,September,Sep,9,3
20210927,2021-09-27,"2021",Monday,September,Sep,9,3
20210928,2021-09-28,"2021",Tuesday,September,Sep,9,3
20210929,2021-09-29,"2021",Wednesday,September,Sep,9,3
20210930,2021-09-30,"2021",Thursday,September,Sep,9,3
20211001,2021-10-01,"2021",Friday,October,Oct,10,4
20211002,2021-10-02,"2021",Saturday,October,Oct,10,4
20211003,2021-10-03,"2021",Sunday,October,Oct,10,4
20211004,2021-10-04,"2021",Monday,October,Oct,10,4
20211005,2021-10-05,"2021",Tuesday,October,Oct,10,4
20211006,2021-10-06,"2021",Wednesday,October,Oct,10,4
20211007,2021-10-07,"2021",Thursday,October,Oct,10,4
20211008,2021-10-08,"2021",Friday,October,Oct,10,4
20211009,2021-10-09,"2021",Saturday,October,Oct,10,4
20211010,2021-10-10,"2021",Sunday,October,Oct,10,4
20211011,2021-10-11,"2021",Monday,October,Oct,10,4
20211012,2021-10-12,"2021",Tuesday,October,Oct,10,4
20211013,2021-10-13,"2021",Wednesday,October,Oct,10,4
20211014,2021-10-14,"2021",Thursday,October,Oct,10,4
20211015,2021-10-15,"2021",Friday,October,Oct,10,4
20211016,2021-10-16,"2021",Saturday,October,Oct,10,4
20211017,2021-10-17,"2021",Sunday,October,Oct,10,4
20211018,2021-10-18,"2021",Monday,October,Oct,10,4
20211019,2021-10-19,"2021",Tuesday,October,Oct,10,4
20211020,2021-10-20,"2021",Wednesday,October,Oct,10,4
20211021,2021-10-21,"2021",Thursday,October,Oct,10,4
20211022,2021-10-22,"2021",Friday,October,Oct,10,4
20211023,2021-10-23,"2021",Saturday,October,Oct,10,4
20211024,2021-10-24,"2021",Sunday,October,Oct,10,4
20211025,2021-10-25,"2021",Monday,October,Oct,10,4
20211026,2021-10-26,"2021",Tuesday,October,Oct,10,4
20211027,2021-10-27,"2021",Wednesday,October,Oct,10,4
20211028,2021-10-28,"2021",Thursday,October,Oct,10,4
20211029,2021-10-29,"2021",Friday,October,Oct,10,4
20211030,2021-10-30,"2021",Saturday,October,Oct,10,4
20211031,2021-10-31,"2021",Sunday,October,Oct,10,4
20211101,2021-11-01,"2021",Monday,November,Nov,11,4
20211102,2021-11-02,"2021",Tuesday,November,Nov,11,4
20211103,2021-11-03,"2021",Wednesday,November,Nov,11,4
20211104,2021-11-04,"2021",Thursday,November,Nov,11,4
20211105,2021-11-05,"2021",Friday,November,Nov,11,4
20211106,2021-11-06,"2021",Saturday,November,Nov,11,4
20211107,2021-11-07,"2021",Sunday,November,Nov,11,4
20211108,2021-11-08,"2021",Monday,November,Nov,11,4
20211109,2021-11-09,"2021",Tuesday,November,Nov,11,4
20211110,2021-11-10,"2021",Wednesday,November,Nov,11,4
20211111,2021-11-11,"2021",Thursday,November,Nov,11,4
20211112,2021-11-12,"2021",Friday,November,Nov,11,4
20211113,2021-11-13,"2021",Saturday,November,Nov,11,4
20211114,2021-11-14,"2021",Sunday,November,Nov,11,4
20211115,2021-11-15,"2021",Monday,November,Nov,11,4
20211116,2021-11-16,"2021",Tuesday,November,Nov,11,4
20211117,2021-11-17,"2021",Wednesday,November,Nov,11,4
20211118,2021-11-18,"2021",Thursday,November,Nov,11,4
20211119,2021-11-19,"2021",Friday,November,Nov,11,4
20211120,2021-11-20,"2021",Saturday,November,Nov,11,4
20211121,2021-11-21,"2021",Sunday,November,Nov,11,4
20211122,2021-11-22,"2021",Monday,November,Nov,11,4
20211123,2021-11-23,"2021",Tuesday,November,Nov,11,4
20211124,2021-11-24,"2021",Wednesday,November,Nov,11,4
20211125,2021-11-25,"2021",Thursday,November,Nov,11,4
20211126,2021-11-26,"2021",Friday,November,Nov,11,4
20211127,2021-11-27,"2021",Saturday,November,Nov,11,4
20211128,2021-11-28,"2021",Sunday,November,Nov,11,4
20211129,2021-11-29,"2021",Monday,November,Nov,11,4
20211130,2021-11-30,"2021",Tuesday,November,Nov,11,4
20211201,2021-12-01,"2021",Wednesday,December,Dec,12,4
20211202,2021-12-02,"2021",Thursday,December,Dec,12,4
20211203,2021-12-03,"2021",Friday,December,Dec,12,4
20211204,2021-12-04,"2021",Saturday,December,Dec,12,4
20211205,2021-12-05,"2021",Sunday,December,Dec,12,4
20211206,2021-12-06,"2021",Monday,December,Dec,12,4
20211207,2021-12-07,"2021",Tuesday,December,Dec,12,4
20211208,2021-12-08,"2021",Wednesday,December,Dec,12,4
20211209,2021-12-09,"2021",Thursday,December,Dec,12,4
20211210,2021-12-10,"2021",Friday,December,Dec,12,4
20211211,2021-12-11,"2021",Saturday,December,Dec,12,4
20211212,2021-12-12,"2021",Sunday,December,Dec,12,4
20211213,2021-12-13,"2021",Monday,December,Dec,12,4
20211214,2021-12-14,"2021",Tuesday,December,Dec,12,4
20211215,2021-12-15,"2021",Wednesday,December,Dec,12,4
20211216,2021-12-16,"2021",Thursday,December,Dec,12,4
20211217,2021-12-17,"2021",Friday,December,Dec,12,4
20211218,2021-12-18,"2021",Saturday,December,Dec,12,4
20211219,2021-12-19,"2021",Sunday,December,Dec,12,4
20211220,2021-12-20,"2021",Monday,December,Dec,12,4
20211221,2021-12-21,"2021",Tuesday,December,Dec,12,4
20211222,2021-12-22,"2021",Wednesday,December,Dec,12,4
20211223,2021-12-23,"2021",Thursday,December,Dec,12,4
20211224,2021-12-24,"2021",Friday,December,Dec,12,4
20211225,2021-12-25,"2021",Saturday,December,Dec,12,4
20211226,2021-12-26,"2021",Sunday,December,Dec,12,4
20211227,2021-12-27,"2021",Monday,December,Dec,12,4
20211228,2021-12-28,"2021",Tuesday,December,Dec,12,4
20211229,2021-12-29,"2021",Wednesday,December,Dec,12,4
20211230,2021-12-30,"2021",Thursday,December,Dec,12,4
20211231,2021-12-31,"2021",Friday,December,Dec,12,4
